124,63,161,153,50,102,30,26,133,35
112,256,112,133,251,193,185,217,227,90
66,124,228,34,83,24,203,182,201,101
77,171,257,161,257,26,130,142,201,195
196,190,87,168,23,50,23,25,114,57
144,83,121,119,176,56,29,175,178,75
52,260,137,143,214,189,204,63,108,97
110,165,116,29,88,75,22,42,219,184
252,134,175,174,174,106,196,86,107,213
181,138,104,182,80,147,77,28,103,29
27,34,141,71,126,166,52,174,171,92
145,55,235,28,76,125,161,31,31,25
86,123,198,65,155,229,24,115,131,220
225,124,48,249,29,101,243,207,185,140
120,195,27,140,33,48,28,171,57,173
155,124,168,99,71,163,65,176,76,39
131,33,202,187,157,159,131,104,30,243
140,174,220,25,172,227,227,115,87,226
242,220,45,205,55,129,241,38,173,180
197,151,114,98,84,28,48,39,176,89
71,122,123,61,168,35,22,44,107,69
95,137,239,40,148,93,96,205,234,199
25,116,219,225,36,69,223,193,152,211
216,220,99,200,93,174,129,62,122,180
106,63,27,118,121,181,153,156,41,71
165,22,29,128,53,22,171,62,162,92
36,198,140,103,260,248,144,188,21,139
171,40,89,89,29,124,109,59,50,65
238,134,200,84,64,254,175,66,169,38
180,131,87,25,200,22,56,148,137,93
112,59,23,84,180,135,110,155,64,138
103,78,92,249,218,65,183,29,253,33
140,220,224,32,114,76,32,81,93,215
180,62,34,60,243,32,252,114,52,159
181,38,200,200,93,59,58,75,174,140
124,179,144,174,168,24,67,32,135,48
28,185,48,137,165,88,101,253,33,251
224,203,165,227,169,51,37,51,25,156
130,150,82,237,45,27,169,183,138,260
83,71,197,103,183,148,28,101,75,178
33,125,111,170,81,31,180,29,26,92
102,194,114,67,248,70,31,74,226,224
154,203,73,66,36,181,112,31,178,226
241,82,175,256,143,229,194,31,32,258
26,51,142,120,62,81,132,184,158,30
36,23,91,167,130,27,179,115,164,64
58,27,39,241,227,244,242,63,193,84
229,39,209,69,229,118,227,22,151,30
172,259,123,45,250,46,21,243,254,203
149,79,40,91,177,56,147,39,96,22
54,32,53,24,110,132,89,98,171,40
36,182,34,140,174,64,250,210,109,83
49,24,217,134,26,113,188,134,213,99
41,208,92,108,258,176,114,66,252,41
165,137,200,158,26,192,35,21,68,88
30,24,85,170,147,63,32,178,171,135
204,237,173,172,23,158,240,127,95,24
208,36,22,227,226,59,127,138,160,144
253,234,137,78,131,198,215,259,203,129
24,51,35,111,52,197,134,106,176,82
159,76,101,38,135,156,29,27,114,139
217,55,121,22,49,164,92,231,208,23
89,143,174,115,74,190,227,113,54,165
260,180,127,210,70,229,130,208,155,160
157,145,189,123,21,95,69,161,44,35
107,40,164,44,71,32,74,148,26,113
250,145,143,156,238,236,36,71,95,205
214,112,190,103,178,167,229,185,80,222
90,25,117,242,94,86,39,174,154,260
161,88,115,28,146,94,189,191,54,167
134,174,100,59,180,99,167,148,102,174
151,242,82,22,153,174,105,131,229,24
107,32,199,196,170,218,99,32,164,223
211,116,245,183,164,32,177,113,61,131
135,63,31,190,34,108,140,159,78,157
154,73,40,161,22,115,49,145,125,91
216,73,59,221,241,84,231,141,94,42
22,196,104,48,168,215,75,228,93,134
29,261,210,170,102,176,114,183,158,55
159,91,158,188,186,125,28,34,42,83
24,53,124,100,178,29,71,106,137,104
119,29,218,74,36,102,58,192,34,140
223,216,161,108,210,37,42,229,121,100
186,225,82,256,243,72,198,64,198,105
23,185,98,155,188,24,58,105,125,167
134,71,45,35,21,98,97,56,154,152
220,87,148,87,246,24,134,33,200,154
109,147,179,45,223,89,226,144,113,120
228,96,61,30,226,144,126,165,88,58
132,34,127,89,75,121,189,100,78,92
158,178,26,152,33,62,73,86,163,153
258,197,29,72,61,92,99,237,31,39
222,108,183,48,60,147,160,107,161,223
182,127,83,26,203,250,181,148,53,72
80,92,120,162,196,163,195,32,48,170
151,70,162,131,106,117,119,129,26,57
87,124,118,128,54,32,176,223,157,198
63,99,142,224,212,200,51,137,57,171
254,231,67,42,225,255,190,98,245,161
45,120,104,63,200,76,119,37,98,152
