119,124,47,95,22,72,60,121,35,97
196,26,111,203,78,112,178,207,84,25
157,167,170,128,133,157,113,175,45,25
81,102,138,162,201,40,117,140,158,28
33,85,23,109,22,34,76,100,98,106
90,36,116,25,105,28,84,34,79,56
136,81,170,133,198,199,35,52,58,208
180,77,28,176,55,91,53,128,123,148
175,185,175,103,128,25,38,146,103,142
108,28,31,42,109,93,86,32,83,114
38,122,50,45,121,120,80,49,25,32
174,203,189,67,194,167,152,32,191,108
124,171,172,40,131,176,77,135,41,58
76,206,156,34,39,196,199,138,76,94
108,37,23,83,61,21,83,37,95,113
75,101,104,56,128,124,36,29,98,82
25,158,42,208,130,186,147,185,186,28
88,72,37,162,127,117,83,21,178,137
125,34,116,213,90,178,84,25,115,89
30,116,109,31,87,21,68,107,38,52
31,27,64,126,120,86,36,59,123,71
65,174,96,39,77,34,178,151,59,33
175,175,174,76,149,38,139,171,88,112
201,30,21,23,216,25,206,136,95,154
82,67,21,117,50,115,25,105,51,100
23,57,106,116,130,129,74,95,99,97
152,70,98,97,110,87,164,151,121,22
118,113,23,66,153,40,62,34,169,55
206,181,56,116,182,142,54,62,140,178
102,33,91,56,28,24,46,63,88,114
36,66,77,98,130,103,123,54,119,123
57,29,189,132,46,197,36,190,208,32
50,170,134,96,59,167,148,40,67,45
218,209,219,33,198,35,32,101,58,33
30,34,112,66,38,69,26,114,62,119
32,55,41,25,95,117,36,38,74,91
140,23,176,44,97,189,66,86,79,155
120,180,128,160,60,114,28,61,155,161
138,209,62,32,129,107,98,48,92,37
120,46,73,103,116,104,60,31,23,28
70,97,31,111,41,121,89,98,29,90
143,23,68,73,199,27,151,164,197,25
172,95,104,30,33,93,101,174,21,88
138,60,85,108,148,30,150,71,159,72
115,82,50,99,111,36,27,32,112,34
73,116,102,76,106,33,116,42,23,22
128,123,206,54,140,191,76,183,101,194
128,49,39,87,32,163,100,164,161,117
147,111,167,135,45,220,118,207,162,177
120,85,90,114,27,39,38,110,25,31
116,111,23,37,86,129,39,122,62,82
184,128,67,126,59,126,93,203,167,69
168,57,126,97,22,168,24,21,36,143
88,215,64,145,218,33,122,66,74,165
30,74,98,109,101,73,72,42,63,24
64,126,120,52,21,56,22,117,81,102
129,161,102,178,162,153,28,118,163,193
40,137,172,117,165,127,168,128,112,35
177,50,70,58,132,129,93,144,58,95
112,101,36,105,60,93,30,40,103,40
111,40,121,126,30,41,27,57,33,123
64,92,29,81,69,136,135,208,190,24
31,179,85,125,174,53,33,165,34,123
91,129,118,32,159,71,76,149,29,102
30,91,113,33,118,60,27,70,54,78
69,51,97,28,86,97,130,58,130,22
175,46,175,128,204,24,199,177,28,139
21,116,129,169,31,157,159,85,132,179
154,90,188,50,194,21,118,133,76,151
114,115,56,60,29,59,89,119,109,72
23,39,79,26,90,119,62,93,47,110
190,102,206,35,79,51,70,161,202,68
146,77,46,168,155,129,107,177,48,152
220,181,28,216,166,36,49,106,44,34
83,104,111,119,57,32,63,21,66,102
78,45,109,124,25,128,70,32,100,129
109,67,206,144,96,199,195,53,144,28
126,121,108,89,42,57,174,148,82,27
29,147,46,102,32,28,114,56,148,214
104,60,58,38,107,90,109,35,64,102
112,21,89,59,93,92,118,114,127,21
41,39,51,25,144,105,74,106,205,21
145,165,172,26,24,30,110,118,68,155
138,202,105,97,150,34,60,202,98,151
119,77,47,49,39,89,30,109,114,110
69,39,126,31,122,109,37,69,54,26
195,159,113,185,78,123,198,195,34,30
106,176,146,104,88,122,65,64,170,133
21,217,215,210,181,201,167,71,193,83
70,26,28,51,94,118,37,113,120,21
126,123,102,27,130,59,116,35,51,84
202,81,37,199,100,75,138,125,92,200
158,79,34,176,21,123,147,174,69,36
184,33,72,54,39,70,93,153,207,181
116,37,32,77,52,108,101,27,60,32
82,22,24,104,34,74,124,36,126,46
92,173,45,90,116,125,197,197,168,141
68,28,164,53,152,30,149,136,169,173
112,113,216,34,41,71,89,220,150,45
105,66,38,81,75,119,105,51,83,117
